<PAMDataset>
  <PAMRasterBand band="1">
    <Metadata>
      <MDI key="STATISTICS_MAXIMUM">29903</MDI>
      <MDI key="STATISTICS_MEAN">nan</MDI>
      <MDI key="STATISTICS_MINIMUM">1</MDI>
      <MDI key="STATISTICS_STDDEV">nan</MDI>
    </Metadata>
  </PAMRasterBand>
  <PAMRasterBand band="2">
    <Metadata>
      <MDI key="STATISTICS_MAXIMUM">0.58300000429153</MDI>
      <MDI key="STATISTICS_MEAN">nan</MDI>
      <MDI key="STATISTICS_MINIMUM">0.019114518538117</MDI>
      <MDI key="STATISTICS_STDDEV">nan</MDI>
    </Metadata>
  </PAMRasterBand>
  <PAMRasterBand band="3">
    <Metadata>
      <MDI key="STATISTICS_MAXIMUM">0.36482867598534</MDI>
      <MDI key="STATISTICS_MEAN">nan</MDI>
      <MDI key="STATISTICS_MINIMUM">0.038317121565342</MDI>
      <MDI key="STATISTICS_STDDEV">nan</MDI>
    </Metadata>
  </PAMRasterBand>
  <PAMRasterBand band="4">
    <Metadata>
      <MDI key="STATISTICS_MAXIMUM">0.41116985678673</MDI>
      <MDI key="STATISTICS_MEAN">nan</MDI>
      <MDI key="STATISTICS_MINIMUM">0.078124836087227</MDI>
      <MDI key="STATISTICS_STDDEV">nan</MDI>
    </Metadata>
  </PAMRasterBand>
  <PAMRasterBand band="5">
    <Metadata>
      <MDI key="STATISTICS_MAXIMUM">0.30001726746559</MDI>
      <MDI key="STATISTICS_MEAN">nan</MDI>
      <MDI key="STATISTICS_MINIMUM">0.032836768776178</MDI>
      <MDI key="STATISTICS_STDDEV">nan</MDI>
    </Metadata>
  </PAMRasterBand>
  <PAMRasterBand band="6">
    <Metadata>
      <MDI key="STATISTICS_MAXIMUM">0.4846898317337</MDI>
      <MDI key="STATISTICS_MEAN">nan</MDI>
      <MDI key="STATISTICS_MINIMUM">0</MDI>
      <MDI key="STATISTICS_STDDEV">nan</MDI>
    </Metadata>
  </PAMRasterBand>
  <PAMRasterBand band="7">
    <Metadata>
      <MDI key="STATISTICS_MAXIMUM">0.81836754083633</MDI>
      <MDI key="STATISTICS_MEAN">nan</MDI>
      <MDI key="STATISTICS_MINIMUM">0.050505321472883</MDI>
      <MDI key="STATISTICS_STDDEV">nan</MDI>
    </Metadata>
  </PAMRasterBand>
  <PAMRasterBand band="8">
    <Metadata>
      <MDI key="STATISTICS_MAXIMUM">0.67725038528442</MDI>
      <MDI key="STATISTICS_MEAN">nan</MDI>
      <MDI key="STATISTICS_MINIMUM">0.09696651995182</MDI>
      <MDI key="STATISTICS_STDDEV">nan</MDI>
    </Metadata>
  </PAMRasterBand>
  <PAMRasterBand band="9">
    <Metadata>
      <MDI key="STATISTICS_MAXIMUM">0.27913475036621</MDI>
      <MDI key="STATISTICS_MEAN">nan</MDI>
      <MDI key="STATISTICS_MINIMUM">0.034840308129787</MDI>
      <MDI key="STATISTICS_STDDEV">nan</MDI>
    </Metadata>
  </PAMRasterBand>
  <PAMRasterBand band="10">
    <Metadata>
      <MDI key="STATISTICS_MAXIMUM">0.34754073619843</MDI>
      <MDI key="STATISTICS_MEAN">nan</MDI>
      <MDI key="STATISTICS_MINIMUM">0.020664488896728</MDI>
      <MDI key="STATISTICS_STDDEV">nan</MDI>
    </Metadata>
  </PAMRasterBand>
  <PAMRasterBand band="11">
    <Metadata>
      <MDI key="STATISTICS_MAXIMUM">0.4497250020504</MDI>
      <MDI key="STATISTICS_MEAN">nan</MDI>
      <MDI key="STATISTICS_MINIMUM">0.065565511584282</MDI>
      <MDI key="STATISTICS_STDDEV">nan</MDI>
    </Metadata>
  </PAMRasterBand>
  <PAMRasterBand band="12">
    <Metadata>
      <MDI key="STATISTICS_MAXIMUM">0.33960831165314</MDI>
      <MDI key="STATISTICS_MEAN">nan</MDI>
      <MDI key="STATISTICS_MINIMUM">0.0067043276503682</MDI>
      <MDI key="STATISTICS_STDDEV">nan</MDI>
    </Metadata>
  </PAMRasterBand>
  <PAMRasterBand band="13">
    <Metadata>
      <MDI key="STATISTICS_MAXIMUM">0.25417843461037</MDI>
      <MDI key="STATISTICS_MEAN">nan</MDI>
      <MDI key="STATISTICS_MINIMUM">0.022046539932489</MDI>
      <MDI key="STATISTICS_STDDEV">nan</MDI>
    </Metadata>
  </PAMRasterBand>
  <PAMRasterBand band="14">
    <Metadata>
      <MDI key="STATISTICS_MAXIMUM">0.35774201154709</MDI>
      <MDI key="STATISTICS_MEAN">nan</MDI>
      <MDI key="STATISTICS_MINIMUM">0.0090602254495025</MDI>
      <MDI key="STATISTICS_STDDEV">nan</MDI>
    </Metadata>
  </PAMRasterBand>
  <PAMRasterBand band="15">
    <Metadata>
      <MDI key="STATISTICS_MAXIMUM">0.45825734734535</MDI>
      <MDI key="STATISTICS_MEAN">nan</MDI>
      <MDI key="STATISTICS_MINIMUM">0.0067849270999432</MDI>
      <MDI key="STATISTICS_STDDEV">nan</MDI>
    </Metadata>
  </PAMRasterBand>
  <PAMRasterBand band="16">
    <Metadata>
      <MDI key="STATISTICS_MAXIMUM">0.60350501537323</MDI>
      <MDI key="STATISTICS_MEAN">nan</MDI>
      <MDI key="STATISTICS_MINIMUM">0.074032753705978</MDI>
      <MDI key="STATISTICS_STDDEV">nan</MDI>
    </Metadata>
  </PAMRasterBand>
  <PAMRasterBand band="17">
    <Metadata>
      <MDI key="STATISTICS_MAXIMUM">0.24910481274128</MDI>
      <MDI key="STATISTICS_MEAN">nan</MDI>
      <MDI key="STATISTICS_MINIMUM">0.033004604279995</MDI>
      <MDI key="STATISTICS_STDDEV">nan</MDI>
    </Metadata>
  </PAMRasterBand>
  <PAMRasterBand band="18">
    <Metadata>
      <MDI key="STATISTICS_MAXIMUM">0.33163797855377</MDI>
      <MDI key="STATISTICS_MEAN">nan</MDI>
      <MDI key="STATISTICS_MINIMUM">0.0037753116339445</MDI>
      <MDI key="STATISTICS_STDDEV">nan</MDI>
    </Metadata>
  </PAMRasterBand>
  <PAMRasterBand band="19">
    <Metadata>
      <MDI key="STATISTICS_MAXIMUM">0.35887372493744</MDI>
      <MDI key="STATISTICS_MEAN">nan</MDI>
      <MDI key="STATISTICS_MINIMUM">0.019309297204018</MDI>
      <MDI key="STATISTICS_STDDEV">nan</MDI>
    </Metadata>
  </PAMRasterBand>
  <PAMRasterBand band="20">
    <Metadata>
      <MDI key="STATISTICS_MAXIMUM">0.50981605052948</MDI>
      <MDI key="STATISTICS_MEAN">nan</MDI>
      <MDI key="STATISTICS_MINIMUM">0.056894011795521</MDI>
      <MDI key="STATISTICS_STDDEV">nan</MDI>
    </Metadata>
  </PAMRasterBand>
  <PAMRasterBand band="21">
    <Metadata>
      <MDI key="STATISTICS_MAXIMUM">0.40961515903473</MDI>
      <MDI key="STATISTICS_MEAN">nan</MDI>
      <MDI key="STATISTICS_MINIMUM">0.0091069573536515</MDI>
      <MDI key="STATISTICS_STDDEV">nan</MDI>
    </Metadata>
  </PAMRasterBand>
  <PAMRasterBand band="22">
    <Metadata>
      <MDI key="STATISTICS_MAXIMUM">0.28569602966309</MDI>
      <MDI key="STATISTICS_MEAN">nan</MDI>
      <MDI key="STATISTICS_MINIMUM">-0.071598425507545</MDI>
      <MDI key="STATISTICS_STDDEV">nan</MDI>
    </Metadata>
  </PAMRasterBand>
  <PAMRasterBand band="23">
    <Metadata>
      <MDI key="STATISTICS_MAXIMUM">0.73541414737701</MDI>
      <MDI key="STATISTICS_MEAN">nan</MDI>
      <MDI key="STATISTICS_MINIMUM">-0.067531928420067</MDI>
      <MDI key="STATISTICS_STDDEV">nan</MDI>
    </Metadata>
  </PAMRasterBand>
  <PAMRasterBand band="24">
    <Metadata>
      <MDI key="STATISTICS_MAXIMUM">0.8782439827919</MDI>
      <MDI key="STATISTICS_MEAN">nan</MDI>
      <MDI key="STATISTICS_MINIMUM">-0.05446207895875</MDI>
      <MDI key="STATISTICS_STDDEV">nan</MDI>
    </Metadata>
  </PAMRasterBand>
  <PAMRasterBand band="25">
    <Metadata>
      <MDI key="STATISTICS_MAXIMUM">0.66184902191162</MDI>
      <MDI key="STATISTICS_MEAN">nan</MDI>
      <MDI key="STATISTICS_MINIMUM">-0.078339956700802</MDI>
      <MDI key="STATISTICS_STDDEV">nan</MDI>
    </Metadata>
  </PAMRasterBand>
  <PAMRasterBand band="26">
    <Metadata>
      <MDI key="STATISTICS_MAXIMUM">0.42838144302368</MDI>
      <MDI key="STATISTICS_MEAN">nan</MDI>
      <MDI key="STATISTICS_MINIMUM">-0.055151455104351</MDI>
      <MDI key="STATISTICS_STDDEV">nan</MDI>
    </Metadata>
  </PAMRasterBand>
  <PAMRasterBand band="27">
    <Metadata>
      <MDI key="STATISTICS_MAXIMUM">0.78646236658096</MDI>
      <MDI key="STATISTICS_MEAN">nan</MDI>
      <MDI key="STATISTICS_MINIMUM">-0.035993069410324</MDI>
      <MDI key="STATISTICS_STDDEV">nan</MDI>
    </Metadata>
  </PAMRasterBand>
  <PAMRasterBand band="28">
    <Metadata>
      <MDI key="STATISTICS_MAXIMUM">0.88424897193909</MDI>
      <MDI key="STATISTICS_MEAN">nan</MDI>
      <MDI key="STATISTICS_MINIMUM">-0.08017136156559</MDI>
      <MDI key="STATISTICS_STDDEV">nan</MDI>
    </Metadata>
  </PAMRasterBand>
  <PAMRasterBand band="29">
    <Metadata>
      <MDI key="STATISTICS_MAXIMUM">0.78157591819763</MDI>
      <MDI key="STATISTICS_MEAN">nan</MDI>
      <MDI key="STATISTICS_MINIMUM">-0.089630626142025</MDI>
      <MDI key="STATISTICS_STDDEV">nan</MDI>
    </Metadata>
  </PAMRasterBand>
  <PAMRasterBand band="30">
    <Metadata>
      <MDI key="STATISTICS_MAXIMUM">0.6701717376709</MDI>
      <MDI key="STATISTICS_MEAN">nan</MDI>
      <MDI key="STATISTICS_MINIMUM">-0.094591066241264</MDI>
      <MDI key="STATISTICS_STDDEV">nan</MDI>
    </Metadata>
  </PAMRasterBand>
  <PAMRasterBand band="31">
    <Metadata>
      <MDI key="STATISTICS_MAXIMUM">0.7798365354538</MDI>
      <MDI key="STATISTICS_MEAN">nan</MDI>
      <MDI key="STATISTICS_MINIMUM">-0.054012760519981</MDI>
      <MDI key="STATISTICS_STDDEV">nan</MDI>
    </Metadata>
  </PAMRasterBand>
  <PAMRasterBand band="32">
    <Metadata>
      <MDI key="STATISTICS_MAXIMUM">0.8861688375473</MDI>
      <MDI key="STATISTICS_MEAN">nan</MDI>
      <MDI key="STATISTICS_MINIMUM">-0.095393620431423</MDI>
      <MDI key="STATISTICS_STDDEV">nan</MDI>
    </Metadata>
  </PAMRasterBand>
  <PAMRasterBand band="33">
    <Metadata>
      <MDI key="STATISTICS_MAXIMUM">0.75444823503494</MDI>
      <MDI key="STATISTICS_MEAN">nan</MDI>
      <MDI key="STATISTICS_MINIMUM">-0.098737210035324</MDI>
      <MDI key="STATISTICS_STDDEV">nan</MDI>
    </Metadata>
  </PAMRasterBand>
  <PAMRasterBand band="34">
    <Metadata>
      <MDI key="STATISTICS_MAXIMUM">0.72907292842865</MDI>
      <MDI key="STATISTICS_MEAN">nan</MDI>
      <MDI key="STATISTICS_MINIMUM">-0.073496878147125</MDI>
      <MDI key="STATISTICS_STDDEV">nan</MDI>
    </Metadata>
  </PAMRasterBand>
  <PAMRasterBand band="35">
    <Metadata>
      <MDI key="STATISTICS_MAXIMUM">0.79365527629852</MDI>
      <MDI key="STATISTICS_MEAN">nan</MDI>
      <MDI key="STATISTICS_MINIMUM">-0.095675341784954</MDI>
      <MDI key="STATISTICS_STDDEV">nan</MDI>
    </Metadata>
  </PAMRasterBand>
  <PAMRasterBand band="36">
    <Metadata>
      <MDI key="STATISTICS_MAXIMUM">0.87665325403214</MDI>
      <MDI key="STATISTICS_MEAN">nan</MDI>
      <MDI key="STATISTICS_MINIMUM">-0.027912454679608</MDI>
      <MDI key="STATISTICS_STDDEV">nan</MDI>
    </Metadata>
  </PAMRasterBand>
  <PAMRasterBand band="37">
    <Metadata>
      <MDI key="STATISTICS_MAXIMUM">0.73309570550919</MDI>
      <MDI key="STATISTICS_MEAN">nan</MDI>
      <MDI key="STATISTICS_MINIMUM">-0.055689763277769</MDI>
      <MDI key="STATISTICS_STDDEV">nan</MDI>
    </Metadata>
  </PAMRasterBand>
  <PAMRasterBand band="38">
    <Metadata>
      <MDI key="STATISTICS_MAXIMUM">0.58292245864868</MDI>
      <MDI key="STATISTICS_MEAN">nan</MDI>
      <MDI key="STATISTICS_MINIMUM">-0.071213990449905</MDI>
      <MDI key="STATISTICS_STDDEV">nan</MDI>
    </Metadata>
  </PAMRasterBand>
  <PAMRasterBand band="39">
    <Metadata>
      <MDI key="STATISTICS_MAXIMUM">0.78479695320129</MDI>
      <MDI key="STATISTICS_MEAN">nan</MDI>
      <MDI key="STATISTICS_MINIMUM">-0.046392701566219</MDI>
      <MDI key="STATISTICS_STDDEV">nan</MDI>
    </Metadata>
  </PAMRasterBand>
  <PAMRasterBand band="40">
    <Metadata>
      <MDI key="STATISTICS_MAXIMUM">0.88847798109055</MDI>
      <MDI key="STATISTICS_MEAN">nan</MDI>
      <MDI key="STATISTICS_MINIMUM">-0.046226587146521</MDI>
      <MDI key="STATISTICS_STDDEV">nan</MDI>
    </Metadata>
  </PAMRasterBand>
  <PAMRasterBand band="41">
    <Metadata>
      <MDI key="STATISTICS_MAXIMUM">0.73331767320633</MDI>
      <MDI key="STATISTICS_MEAN">nan</MDI>
      <MDI key="STATISTICS_MINIMUM">-0.046855371445417</MDI>
      <MDI key="STATISTICS_STDDEV">nan</MDI>
    </Metadata>
  </PAMRasterBand>
  <PAMRasterBand band="42">
    <Metadata>
      <MDI key="STATISTICS_MAXIMUM">0.30119252204895</MDI>
      <MDI key="STATISTICS_MEAN">nan</MDI>
      <MDI key="STATISTICS_MINIMUM">0.017206467688084</MDI>
      <MDI key="STATISTICS_STDDEV">nan</MDI>
    </Metadata>
  </PAMRasterBand>
  <PAMRasterBand band="43">
    <Metadata>
      <MDI key="STATISTICS_MAXIMUM">0.24458189308643</MDI>
      <MDI key="STATISTICS_MEAN">nan</MDI>
      <MDI key="STATISTICS_MINIMUM">0.017475169152021</MDI>
      <MDI key="STATISTICS_STDDEV">nan</MDI>
    </Metadata>
  </PAMRasterBand>
  <PAMRasterBand band="44">
    <Metadata>
      <MDI key="STATISTICS_MAXIMUM">0.25861942768097</MDI>
      <MDI key="STATISTICS_MEAN">nan</MDI>
      <MDI key="STATISTICS_MINIMUM">0.019015375524759</MDI>
      <MDI key="STATISTICS_STDDEV">nan</MDI>
    </Metadata>
  </PAMRasterBand>
  <PAMRasterBand band="45">
    <Metadata>
      <MDI key="STATISTICS_MAXIMUM">0.26064005494118</MDI>
      <MDI key="STATISTICS_MEAN">nan</MDI>
      <MDI key="STATISTICS_MINIMUM">0.020236607640982</MDI>
      <MDI key="STATISTICS_STDDEV">nan</MDI>
    </Metadata>
  </PAMRasterBand>
  <PAMRasterBand band="46">
    <Metadata>
      <MDI key="STATISTICS_MAXIMUM">0.29016688466072</MDI>
      <MDI key="STATISTICS_MEAN">nan</MDI>
      <MDI key="STATISTICS_MINIMUM">0.022923450917006</MDI>
      <MDI key="STATISTICS_STDDEV">nan</MDI>
    </Metadata>
  </PAMRasterBand>
  <PAMRasterBand band="47">
    <Metadata>
      <MDI key="STATISTICS_MAXIMUM">0.25471287965775</MDI>
      <MDI key="STATISTICS_MEAN">nan</MDI>
      <MDI key="STATISTICS_MINIMUM">0.017306178808212</MDI>
      <MDI key="STATISTICS_STDDEV">nan</MDI>
    </Metadata>
  </PAMRasterBand>
  <PAMRasterBand band="48">
    <Metadata>
      <MDI key="STATISTICS_MAXIMUM">0.25239652395248</MDI>
      <MDI key="STATISTICS_MEAN">nan</MDI>
      <MDI key="STATISTICS_MINIMUM">0.020948071032763</MDI>
      <MDI key="STATISTICS_STDDEV">nan</MDI>
    </Metadata>
  </PAMRasterBand>
  <PAMRasterBand band="49">
    <Metadata>
      <MDI key="STATISTICS_MAXIMUM">0.25532019138336</MDI>
      <MDI key="STATISTICS_MEAN">nan</MDI>
      <MDI key="STATISTICS_MINIMUM">0.018019134178758</MDI>
      <MDI key="STATISTICS_STDDEV">nan</MDI>
    </Metadata>
  </PAMRasterBand>
  <PAMRasterBand band="50">
    <Metadata>
      <MDI key="STATISTICS_MAXIMUM">0.26217892765999</MDI>
      <MDI key="STATISTICS_MEAN">nan</MDI>
      <MDI key="STATISTICS_MINIMUM">0.023286167532206</MDI>
      <MDI key="STATISTICS_STDDEV">nan</MDI>
    </Metadata>
  </PAMRasterBand>
  <PAMRasterBand band="51">
    <Metadata>
      <MDI key="STATISTICS_MAXIMUM">0.24311162531376</MDI>
      <MDI key="STATISTICS_MEAN">nan</MDI>
      <MDI key="STATISTICS_MINIMUM">0.015317948535085</MDI>
      <MDI key="STATISTICS_STDDEV">nan</MDI>
    </Metadata>
  </PAMRasterBand>
  <PAMRasterBand band="52">
    <Metadata>
      <MDI key="STATISTICS_MAXIMUM">0.25835692882538</MDI>
      <MDI key="STATISTICS_MEAN">nan</MDI>
      <MDI key="STATISTICS_MINIMUM">0.018409768119454</MDI>
      <MDI key="STATISTICS_STDDEV">nan</MDI>
    </Metadata>
  </PAMRasterBand>
  <PAMRasterBand band="53">
    <Metadata>
      <MDI key="STATISTICS_MAXIMUM">0.24104134738445</MDI>
      <MDI key="STATISTICS_MEAN">nan</MDI>
      <MDI key="STATISTICS_MINIMUM">0.019273033365607</MDI>
      <MDI key="STATISTICS_STDDEV">nan</MDI>
    </Metadata>
  </PAMRasterBand>
  <PAMRasterBand band="54">
    <Metadata>
      <MDI key="STATISTICS_MAXIMUM">0.26439449191093</MDI>
      <MDI key="STATISTICS_MEAN">nan</MDI>
      <MDI key="STATISTICS_MINIMUM">0.018624443560839</MDI>
      <MDI key="STATISTICS_STDDEV">nan</MDI>
    </Metadata>
  </PAMRasterBand>
  <PAMRasterBand band="55">
    <Metadata>
      <MDI key="STATISTICS_MAXIMUM">0.24321076273918</MDI>
      <MDI key="STATISTICS_MEAN">nan</MDI>
      <MDI key="STATISTICS_MINIMUM">0.017808198928833</MDI>
      <MDI key="STATISTICS_STDDEV">nan</MDI>
    </Metadata>
  </PAMRasterBand>
  <PAMRasterBand band="56">
    <Metadata>
      <MDI key="STATISTICS_MAXIMUM">0.26215046644211</MDI>
      <MDI key="STATISTICS_MEAN">nan</MDI>
      <MDI key="STATISTICS_MINIMUM">0.014375599101186</MDI>
      <MDI key="STATISTICS_STDDEV">nan</MDI>
    </Metadata>
  </PAMRasterBand>
  <PAMRasterBand band="57">
    <Metadata>
      <MDI key="STATISTICS_MAXIMUM">0.26987206935883</MDI>
      <MDI key="STATISTICS_MEAN">nan</MDI>
      <MDI key="STATISTICS_MINIMUM">0.0162912029773</MDI>
      <MDI key="STATISTICS_STDDEV">nan</MDI>
    </Metadata>
  </PAMRasterBand>
  <PAMRasterBand band="58">
    <Metadata>
      <MDI key="STATISTICS_MAXIMUM">0.26380237936974</MDI>
      <MDI key="STATISTICS_MEAN">nan</MDI>
      <MDI key="STATISTICS_MINIMUM">0.0162912029773</MDI>
      <MDI key="STATISTICS_STDDEV">nan</MDI>
    </Metadata>
  </PAMRasterBand>
  <PAMRasterBand band="59">
    <Metadata>
      <MDI key="STATISTICS_MAXIMUM">0.25117069482803</MDI>
      <MDI key="STATISTICS_MEAN">nan</MDI>
      <MDI key="STATISTICS_MINIMUM">0.01804157346487</MDI>
      <MDI key="STATISTICS_STDDEV">nan</MDI>
    </Metadata>
  </PAMRasterBand>
  <PAMRasterBand band="60">
    <Metadata>
      <MDI key="STATISTICS_MAXIMUM">0.24856734275818</MDI>
      <MDI key="STATISTICS_MEAN">nan</MDI>
      <MDI key="STATISTICS_MINIMUM">0.019834972918034</MDI>
      <MDI key="STATISTICS_STDDEV">nan</MDI>
    </Metadata>
  </PAMRasterBand>
  <PAMRasterBand band="61">
    <Metadata>
      <MDI key="STATISTICS_MAXIMUM">0.25194504857063</MDI>
      <MDI key="STATISTICS_MEAN">nan</MDI>
      <MDI key="STATISTICS_MINIMUM">0.02153529599309</MDI>
      <MDI key="STATISTICS_STDDEV">nan</MDI>
    </Metadata>
  </PAMRasterBand>
  <PAMRasterBand band="62">
    <Metadata>
      <MDI key="STATISTICS_MAXIMUM">0.030217915773392</MDI>
      <MDI key="STATISTICS_MEAN">nan</MDI>
      <MDI key="STATISTICS_MINIMUM">0</MDI>
      <MDI key="STATISTICS_STDDEV">nan</MDI>
    </Metadata>
  </PAMRasterBand>
  <PAMRasterBand band="63">
    <Metadata>
      <MDI key="STATISTICS_MAXIMUM">14</MDI>
      <MDI key="STATISTICS_MEAN">nan</MDI>
      <MDI key="STATISTICS_MINIMUM">0</MDI>
      <MDI key="STATISTICS_STDDEV">nan</MDI>
    </Metadata>
  </PAMRasterBand>
  <PAMRasterBand band="64">
    <Metadata>
      <MDI key="STATISTICS_MAXIMUM">353.5910949707</MDI>
      <MDI key="STATISTICS_MEAN">nan</MDI>
      <MDI key="STATISTICS_MINIMUM">149.19198608398</MDI>
      <MDI key="STATISTICS_STDDEV">nan</MDI>
    </Metadata>
  </PAMRasterBand>
  <PAMRasterBand band="65">
    <Metadata>
      <MDI key="STATISTICS_MAXIMUM">26.437313079834</MDI>
      <MDI key="STATISTICS_MEAN">nan</MDI>
      <MDI key="STATISTICS_MINIMUM">14.163883209229</MDI>
      <MDI key="STATISTICS_STDDEV">nan</MDI>
    </Metadata>
  </PAMRasterBand>
  <PAMRasterBand band="66">
    <Metadata>
      <MDI key="STATISTICS_MAXIMUM">18.04087638855</MDI>
      <MDI key="STATISTICS_MEAN">nan</MDI>
      <MDI key="STATISTICS_MINIMUM">6.3896441459656</MDI>
      <MDI key="STATISTICS_STDDEV">nan</MDI>
    </Metadata>
  </PAMRasterBand>
  <PAMRasterBand band="67">
    <Metadata>
      <MDI key="STATISTICS_MAXIMUM">18.582963943481</MDI>
      <MDI key="STATISTICS_MEAN">nan</MDI>
      <MDI key="STATISTICS_MINIMUM">5.8561687469482</MDI>
      <MDI key="STATISTICS_STDDEV">nan</MDI>
    </Metadata>
  </PAMRasterBand>
  <PAMRasterBand band="68">
    <Metadata>
      <MDI key="STATISTICS_MAXIMUM">19.044553756714</MDI>
      <MDI key="STATISTICS_MEAN">nan</MDI>
      <MDI key="STATISTICS_MINIMUM">10.157073974609</MDI>
      <MDI key="STATISTICS_STDDEV">nan</MDI>
    </Metadata>
  </PAMRasterBand>
  <PAMRasterBand band="69">
    <Metadata>
      <MDI key="STATISTICS_MAXIMUM">23.792726516724</MDI>
      <MDI key="STATISTICS_MEAN">nan</MDI>
      <MDI key="STATISTICS_MINIMUM">12.071798324585</MDI>
      <MDI key="STATISTICS_STDDEV">nan</MDI>
    </Metadata>
  </PAMRasterBand>
  <PAMRasterBand band="70">
    <Metadata>
      <MDI key="STATISTICS_MAXIMUM">18.824262619019</MDI>
      <MDI key="STATISTICS_MEAN">nan</MDI>
      <MDI key="STATISTICS_MINIMUM">7.4206771850586</MDI>
      <MDI key="STATISTICS_STDDEV">nan</MDI>
    </Metadata>
  </PAMRasterBand>
  <PAMRasterBand band="71">
    <Metadata>
      <MDI key="STATISTICS_MAXIMUM">17.391885757446</MDI>
      <MDI key="STATISTICS_MEAN">nan</MDI>
      <MDI key="STATISTICS_MINIMUM">7.0536828041077</MDI>
      <MDI key="STATISTICS_STDDEV">nan</MDI>
    </Metadata>
  </PAMRasterBand>
  <PAMRasterBand band="72">
    <Metadata>
      <MDI key="STATISTICS_MAXIMUM">18.801624298096</MDI>
      <MDI key="STATISTICS_MEAN">nan</MDI>
      <MDI key="STATISTICS_MINIMUM">8.1523666381836</MDI>
      <MDI key="STATISTICS_STDDEV">nan</MDI>
    </Metadata>
  </PAMRasterBand>
  <PAMRasterBand band="73">
    <Metadata>
      <MDI key="STATISTICS_MAXIMUM">21.089694976807</MDI>
      <MDI key="STATISTICS_MEAN">nan</MDI>
      <MDI key="STATISTICS_MINIMUM">8.9174938201904</MDI>
      <MDI key="STATISTICS_STDDEV">nan</MDI>
    </Metadata>
  </PAMRasterBand>
  <PAMRasterBand band="74">
    <Metadata>
      <MDI key="STATISTICS_MAXIMUM">16.65491104126</MDI>
      <MDI key="STATISTICS_MEAN">nan</MDI>
      <MDI key="STATISTICS_MINIMUM">6.025936126709</MDI>
      <MDI key="STATISTICS_STDDEV">nan</MDI>
    </Metadata>
  </PAMRasterBand>
  <PAMRasterBand band="75">
    <Metadata>
      <MDI key="STATISTICS_MAXIMUM">15.3372631073</MDI>
      <MDI key="STATISTICS_MEAN">nan</MDI>
      <MDI key="STATISTICS_MINIMUM">6.3110661506653</MDI>
      <MDI key="STATISTICS_STDDEV">nan</MDI>
    </Metadata>
  </PAMRasterBand>
  <PAMRasterBand band="76">
    <Metadata>
      <MDI key="STATISTICS_MAXIMUM">18.305229187012</MDI>
      <MDI key="STATISTICS_MEAN">nan</MDI>
      <MDI key="STATISTICS_MINIMUM">11.442845344543</MDI>
      <MDI key="STATISTICS_STDDEV">nan</MDI>
    </Metadata>
  </PAMRasterBand>
  <PAMRasterBand band="77">
    <Metadata>
      <MDI key="STATISTICS_MAXIMUM">18.340843200684</MDI>
      <MDI key="STATISTICS_MEAN">nan</MDI>
      <MDI key="STATISTICS_MINIMUM">10.503728866577</MDI>
      <MDI key="STATISTICS_STDDEV">nan</MDI>
    </Metadata>
  </PAMRasterBand>
  <PAMRasterBand band="78">
    <Metadata>
      <MDI key="STATISTICS_MAXIMUM">14.634236335754</MDI>
      <MDI key="STATISTICS_MEAN">nan</MDI>
      <MDI key="STATISTICS_MINIMUM">7.5217232704163</MDI>
      <MDI key="STATISTICS_STDDEV">nan</MDI>
    </Metadata>
  </PAMRasterBand>
  <PAMRasterBand band="79">
    <Metadata>
      <MDI key="STATISTICS_MAXIMUM">15.409600257874</MDI>
      <MDI key="STATISTICS_MEAN">nan</MDI>
      <MDI key="STATISTICS_MINIMUM">7.4811363220215</MDI>
      <MDI key="STATISTICS_STDDEV">nan</MDI>
    </Metadata>
  </PAMRasterBand>
  <PAMRasterBand band="80">
    <Metadata>
      <MDI key="STATISTICS_MAXIMUM">19.316038131714</MDI>
      <MDI key="STATISTICS_MEAN">nan</MDI>
      <MDI key="STATISTICS_MINIMUM">10.181210517883</MDI>
      <MDI key="STATISTICS_STDDEV">nan</MDI>
    </Metadata>
  </PAMRasterBand>
  <PAMRasterBand band="81">
    <Metadata>
      <MDI key="STATISTICS_MAXIMUM">19.830032348633</MDI>
      <MDI key="STATISTICS_MEAN">nan</MDI>
      <MDI key="STATISTICS_MINIMUM">10.817060470581</MDI>
      <MDI key="STATISTICS_STDDEV">nan</MDI>
    </Metadata>
  </PAMRasterBand>
  <PAMRasterBand band="82">
    <Metadata>
      <MDI key="STATISTICS_MAXIMUM">17.387809753418</MDI>
      <MDI key="STATISTICS_MEAN">nan</MDI>
      <MDI key="STATISTICS_MINIMUM">7.0102887153625</MDI>
      <MDI key="STATISTICS_STDDEV">nan</MDI>
    </Metadata>
  </PAMRasterBand>
  <PAMRasterBand band="83">
    <Metadata>
      <MDI key="STATISTICS_MAXIMUM">15.563165664673</MDI>
      <MDI key="STATISTICS_MEAN">nan</MDI>
      <MDI key="STATISTICS_MINIMUM">7.0889286994934</MDI>
      <MDI key="STATISTICS_STDDEV">nan</MDI>
    </Metadata>
  </PAMRasterBand>
  <PAMRasterBand band="84">
    <Metadata>
      <MDI key="STATISTICS_MAXIMUM">18.970499038696</MDI>
      <MDI key="STATISTICS_MEAN">nan</MDI>
      <MDI key="STATISTICS_MINIMUM">10.201581001282</MDI>
      <MDI key="STATISTICS_STDDEV">nan</MDI>
    </Metadata>
  </PAMRasterBand>
  <PAMRasterBand band="85">
    <Metadata>
      <MDI key="STATISTICS_MAXIMUM">2.9086918830872</MDI>
      <MDI key="STATISTICS_MEAN">nan</MDI>
      <MDI key="STATISTICS_MINIMUM">0.80427139997482</MDI>
      <MDI key="STATISTICS_STDDEV">nan</MDI>
    </Metadata>
  </PAMRasterBand>
  <PAMRasterBand band="86">
    <Metadata>
      <MDI key="STATISTICS_MAXIMUM">1.4153572320938</MDI>
      <MDI key="STATISTICS_MEAN">nan</MDI>
      <MDI key="STATISTICS_MINIMUM">0.17965736985207</MDI>
      <MDI key="STATISTICS_STDDEV">nan</MDI>
    </Metadata>
  </PAMRasterBand>
  <PAMRasterBand band="87">
    <Metadata>
      <MDI key="STATISTICS_MAXIMUM">1.7137258052826</MDI>
      <MDI key="STATISTICS_MEAN">nan</MDI>
      <MDI key="STATISTICS_MINIMUM">0.30658811330795</MDI>
      <MDI key="STATISTICS_STDDEV">nan</MDI>
    </Metadata>
  </PAMRasterBand>
  <PAMRasterBand band="88">
    <Metadata>
      <MDI key="STATISTICS_MAXIMUM">2.2780537605286</MDI>
      <MDI key="STATISTICS_MEAN">nan</MDI>
      <MDI key="STATISTICS_MINIMUM">0.673195540905</MDI>
      <MDI key="STATISTICS_STDDEV">nan</MDI>
    </Metadata>
  </PAMRasterBand>
  <PAMRasterBand band="89">
    <Metadata>
      <MDI key="STATISTICS_MAXIMUM">2.1854274272919</MDI>
      <MDI key="STATISTICS_MEAN">nan</MDI>
      <MDI key="STATISTICS_MINIMUM">0.72711098194122</MDI>
      <MDI key="STATISTICS_STDDEV">nan</MDI>
    </Metadata>
  </PAMRasterBand>
  <PAMRasterBand band="90">
    <Metadata>
      <MDI key="STATISTICS_MAXIMUM">2.017765045166</MDI>
      <MDI key="STATISTICS_MEAN">nan</MDI>
      <MDI key="STATISTICS_MINIMUM">0.46106022596359</MDI>
      <MDI key="STATISTICS_STDDEV">nan</MDI>
    </Metadata>
  </PAMRasterBand>
  <PAMRasterBand band="91">
    <Metadata>
      <MDI key="STATISTICS_MAXIMUM">1.7383469343185</MDI>
      <MDI key="STATISTICS_MEAN">nan</MDI>
      <MDI key="STATISTICS_MINIMUM">0.19507865607738</MDI>
      <MDI key="STATISTICS_STDDEV">nan</MDI>
    </Metadata>
  </PAMRasterBand>
  <PAMRasterBand band="92">
    <Metadata>
      <MDI key="STATISTICS_MAXIMUM">2.5632658004761</MDI>
      <MDI key="STATISTICS_MEAN">nan</MDI>
      <MDI key="STATISTICS_MINIMUM">0.29295787215233</MDI>
      <MDI key="STATISTICS_STDDEV">nan</MDI>
    </Metadata>
  </PAMRasterBand>
  <PAMRasterBand band="93">
    <Metadata>
      <MDI key="STATISTICS_MAXIMUM">1.9517086744308</MDI>
      <MDI key="STATISTICS_MEAN">nan</MDI>
      <MDI key="STATISTICS_MINIMUM">0.20313787460327</MDI>
      <MDI key="STATISTICS_STDDEV">nan</MDI>
    </Metadata>
  </PAMRasterBand>
  <PAMRasterBand band="94">
    <Metadata>
      <MDI key="STATISTICS_MAXIMUM">1.7748329639435</MDI>
      <MDI key="STATISTICS_MEAN">nan</MDI>
      <MDI key="STATISTICS_MINIMUM">0.33229151368141</MDI>
      <MDI key="STATISTICS_STDDEV">nan</MDI>
    </Metadata>
  </PAMRasterBand>
  <PAMRasterBand band="95">
    <Metadata>
      <MDI key="STATISTICS_MAXIMUM">1.5460613965988</MDI>
      <MDI key="STATISTICS_MEAN">nan</MDI>
      <MDI key="STATISTICS_MINIMUM">0.10447406768799</MDI>
      <MDI key="STATISTICS_STDDEV">nan</MDI>
    </Metadata>
  </PAMRasterBand>
  <PAMRasterBand band="96">
    <Metadata>
      <MDI key="STATISTICS_MAXIMUM">2.9103655815125</MDI>
      <MDI key="STATISTICS_MEAN">nan</MDI>
      <MDI key="STATISTICS_MINIMUM">0.14311814308167</MDI>
      <MDI key="STATISTICS_STDDEV">nan</MDI>
    </Metadata>
  </PAMRasterBand>
  <PAMRasterBand band="97">
    <Metadata>
      <MDI key="STATISTICS_MAXIMUM">2.0691394805908</MDI>
      <MDI key="STATISTICS_MEAN">nan</MDI>
      <MDI key="STATISTICS_MINIMUM">0.38838624954224</MDI>
      <MDI key="STATISTICS_STDDEV">nan</MDI>
    </Metadata>
  </PAMRasterBand>
  <PAMRasterBand band="98">
    <Metadata>
      <MDI key="STATISTICS_MAXIMUM">2.0632202625275</MDI>
      <MDI key="STATISTICS_MEAN">nan</MDI>
      <MDI key="STATISTICS_MINIMUM">0.1148653626442</MDI>
      <MDI key="STATISTICS_STDDEV">nan</MDI>
    </Metadata>
  </PAMRasterBand>
  <PAMRasterBand band="99">
    <Metadata>
      <MDI key="STATISTICS_MAXIMUM">2.8094792366028</MDI>
      <MDI key="STATISTICS_MEAN">nan</MDI>
      <MDI key="STATISTICS_MINIMUM">-1.2147016525269</MDI>
      <MDI key="STATISTICS_STDDEV">nan</MDI>
    </Metadata>
  </PAMRasterBand>
  <PAMRasterBand band="100">
    <Metadata>
      <MDI key="STATISTICS_MAXIMUM">1.9508575201035</MDI>
      <MDI key="STATISTICS_MEAN">nan</MDI>
      <MDI key="STATISTICS_MINIMUM">-0.54560905694962</MDI>
      <MDI key="STATISTICS_STDDEV">nan</MDI>
    </Metadata>
  </PAMRasterBand>
  <PAMRasterBand band="101">
    <Metadata>
      <MDI key="STATISTICS_MAXIMUM">2.4847903251648</MDI>
      <MDI key="STATISTICS_MEAN">nan</MDI>
      <MDI key="STATISTICS_MINIMUM">0.098689265549183</MDI>
      <MDI key="STATISTICS_STDDEV">nan</MDI>
    </Metadata>
  </PAMRasterBand>
  <PAMRasterBand band="102">
    <Metadata>
      <MDI key="STATISTICS_MAXIMUM">1.9311167001724</MDI>
      <MDI key="STATISTICS_MEAN">nan</MDI>
      <MDI key="STATISTICS_MINIMUM">0.056489747017622</MDI>
      <MDI key="STATISTICS_STDDEV">nan</MDI>
    </Metadata>
  </PAMRasterBand>
  <PAMRasterBand band="103">
    <Metadata>
      <MDI key="STATISTICS_MAXIMUM">1.8065042495728</MDI>
      <MDI key="STATISTICS_MEAN">nan</MDI>
      <MDI key="STATISTICS_MINIMUM">-1.8472027778625</MDI>
      <MDI key="STATISTICS_STDDEV">nan</MDI>
    </Metadata>
  </PAMRasterBand>
  <PAMRasterBand band="104">
    <Metadata>
      <MDI key="STATISTICS_MAXIMUM">2.1903250217438</MDI>
      <MDI key="STATISTICS_MEAN">nan</MDI>
      <MDI key="STATISTICS_MINIMUM">0.0085710976272821</MDI>
      <MDI key="STATISTICS_STDDEV">nan</MDI>
    </Metadata>
  </PAMRasterBand>
  <PAMRasterBand band="105">
    <Metadata>
      <MDI key="STATISTICS_MAXIMUM">0.65258800983429</MDI>
      <MDI key="STATISTICS_MEAN">nan</MDI>
      <MDI key="STATISTICS_MINIMUM">0.11980250477791</MDI>
      <MDI key="STATISTICS_STDDEV">nan</MDI>
    </Metadata>
  </PAMRasterBand>
  <PAMRasterBand band="106">
    <Metadata>
      <MDI key="STATISTICS_MAXIMUM">0.66107982397079</MDI>
      <MDI key="STATISTICS_MEAN">nan</MDI>
      <MDI key="STATISTICS_MINIMUM">0.21742308139801</MDI>
      <MDI key="STATISTICS_STDDEV">nan</MDI>
    </Metadata>
  </PAMRasterBand>
  <PAMRasterBand band="107">
    <Metadata>
      <MDI key="STATISTICS_MAXIMUM">0.60171467065811</MDI>
      <MDI key="STATISTICS_MEAN">nan</MDI>
      <MDI key="STATISTICS_MINIMUM">0.23156383633614</MDI>
      <MDI key="STATISTICS_STDDEV">nan</MDI>
    </Metadata>
  </PAMRasterBand>
  <PAMRasterBand band="108">
    <Metadata>
      <MDI key="STATISTICS_MAXIMUM">0.46179589629173</MDI>
      <MDI key="STATISTICS_MEAN">nan</MDI>
      <MDI key="STATISTICS_MINIMUM">0.21223749220371</MDI>
      <MDI key="STATISTICS_STDDEV">nan</MDI>
    </Metadata>
  </PAMRasterBand>
  <PAMRasterBand band="109">
    <Metadata>
      <MDI key="STATISTICS_MAXIMUM">0.60997450351715</MDI>
      <MDI key="STATISTICS_MEAN">nan</MDI>
      <MDI key="STATISTICS_MINIMUM">0.27737069129944</MDI>
      <MDI key="STATISTICS_STDDEV">nan</MDI>
    </Metadata>
  </PAMRasterBand>
  <PAMRasterBand band="110">
    <Metadata>
      <MDI key="STATISTICS_MAXIMUM">0.82036364078522</MDI>
      <MDI key="STATISTICS_MEAN">nan</MDI>
      <MDI key="STATISTICS_MINIMUM">0.26140379905701</MDI>
      <MDI key="STATISTICS_STDDEV">nan</MDI>
    </Metadata>
  </PAMRasterBand>
  <PAMRasterBand band="111">
    <Metadata>
      <MDI key="STATISTICS_MAXIMUM">0.77386105060577</MDI>
      <MDI key="STATISTICS_MEAN">nan</MDI>
      <MDI key="STATISTICS_MINIMUM">0.30302220582962</MDI>
      <MDI key="STATISTICS_STDDEV">nan</MDI>
    </Metadata>
  </PAMRasterBand>
  <PAMRasterBand band="112">
    <Metadata>
      <MDI key="STATISTICS_MAXIMUM">0.48387441039085</MDI>
      <MDI key="STATISTICS_MEAN">nan</MDI>
      <MDI key="STATISTICS_MINIMUM">0.20611916482449</MDI>
      <MDI key="STATISTICS_STDDEV">nan</MDI>
    </Metadata>
  </PAMRasterBand>
  <PAMRasterBand band="113">
    <Metadata>
      <MDI key="STATISTICS_MAXIMUM">0.388477653265</MDI>
      <MDI key="STATISTICS_MEAN">nan</MDI>
      <MDI key="STATISTICS_MINIMUM">0.18643781542778</MDI>
      <MDI key="STATISTICS_STDDEV">nan</MDI>
    </Metadata>
  </PAMRasterBand>
  <PAMRasterBand band="114">
    <Metadata>
      <MDI key="STATISTICS_MAXIMUM">0.31538972258568</MDI>
      <MDI key="STATISTICS_MEAN">nan</MDI>
      <MDI key="STATISTICS_MINIMUM">0.17714467644691</MDI>
      <MDI key="STATISTICS_STDDEV">nan</MDI>
    </Metadata>
  </PAMRasterBand>
  <PAMRasterBand band="115">
    <Metadata>
      <MDI key="STATISTICS_MAXIMUM">0.20274040102959</MDI>
      <MDI key="STATISTICS_MEAN">nan</MDI>
      <MDI key="STATISTICS_MINIMUM">0.16771167516708</MDI>
      <MDI key="STATISTICS_STDDEV">nan</MDI>
    </Metadata>
  </PAMRasterBand>
  <PAMRasterBand band="116">
    <Metadata>
      <MDI key="STATISTICS_MAXIMUM">0.25256446003914</MDI>
      <MDI key="STATISTICS_MEAN">nan</MDI>
      <MDI key="STATISTICS_MINIMUM">0.20775896310806</MDI>
      <MDI key="STATISTICS_STDDEV">nan</MDI>
    </Metadata>
  </PAMRasterBand>
  <PAMRasterBand band="117">
    <Metadata>
      <MDI key="STATISTICS_MAXIMUM">0.26107946038246</MDI>
      <MDI key="STATISTICS_MEAN">nan</MDI>
      <MDI key="STATISTICS_MINIMUM">0.21598030626774</MDI>
      <MDI key="STATISTICS_STDDEV">nan</MDI>
    </Metadata>
  </PAMRasterBand>
  <PAMRasterBand band="118">
    <Metadata>
      <MDI key="STATISTICS_MAXIMUM">0.2420951873064</MDI>
      <MDI key="STATISTICS_MEAN">nan</MDI>
      <MDI key="STATISTICS_MINIMUM">0.18588995933533</MDI>
      <MDI key="STATISTICS_STDDEV">nan</MDI>
    </Metadata>
  </PAMRasterBand>
  <PAMRasterBand band="119">
    <Metadata>
      <MDI key="STATISTICS_MAXIMUM">0.28077536821365</MDI>
      <MDI key="STATISTICS_MEAN">nan</MDI>
      <MDI key="STATISTICS_MINIMUM">0.20205406844616</MDI>
      <MDI key="STATISTICS_STDDEV">nan</MDI>
    </Metadata>
  </PAMRasterBand>
  <PAMRasterBand band="120">
    <Metadata>
      <MDI key="STATISTICS_MAXIMUM">0.27218690514565</MDI>
      <MDI key="STATISTICS_MEAN">nan</MDI>
      <MDI key="STATISTICS_MINIMUM">0.21592874825001</MDI>
      <MDI key="STATISTICS_STDDEV">nan</MDI>
    </Metadata>
  </PAMRasterBand>
  <PAMRasterBand band="121">
    <Metadata>
      <MDI key="STATISTICS_MAXIMUM">0.31160047650337</MDI>
      <MDI key="STATISTICS_MEAN">nan</MDI>
      <MDI key="STATISTICS_MINIMUM">0.26078605651855</MDI>
      <MDI key="STATISTICS_STDDEV">nan</MDI>
    </Metadata>
  </PAMRasterBand>
  <PAMRasterBand band="122">
    <Metadata>
      <MDI key="STATISTICS_MAXIMUM">0.31685310602188</MDI>
      <MDI key="STATISTICS_MEAN">nan</MDI>
      <MDI key="STATISTICS_MINIMUM">0.23188821971416</MDI>
      <MDI key="STATISTICS_STDDEV">nan</MDI>
    </Metadata>
  </PAMRasterBand>
  <PAMRasterBand band="123">
    <Metadata>
      <MDI key="STATISTICS_MAXIMUM">0.29779157042503</MDI>
      <MDI key="STATISTICS_MEAN">nan</MDI>
      <MDI key="STATISTICS_MINIMUM">0.19159340858459</MDI>
      <MDI key="STATISTICS_STDDEV">nan</MDI>
    </Metadata>
  </PAMRasterBand>
  <PAMRasterBand band="124">
    <Metadata>
      <MDI key="STATISTICS_MAXIMUM">0.32364848256111</MDI>
      <MDI key="STATISTICS_MEAN">nan</MDI>
      <MDI key="STATISTICS_MINIMUM">0.24917724728584</MDI>
      <MDI key="STATISTICS_STDDEV">nan</MDI>
    </Metadata>
  </PAMRasterBand>
  <PAMRasterBand band="125">
    <Metadata>
      <MDI key="STATISTICS_MAXIMUM">0.038975816220045</MDI>
      <MDI key="STATISTICS_MEAN">nan</MDI>
      <MDI key="STATISTICS_MINIMUM">0.020067937672138</MDI>
      <MDI key="STATISTICS_STDDEV">nan</MDI>
    </Metadata>
  </PAMRasterBand>
  <PAMRasterBand band="126">
    <Metadata>
      <MDI key="STATISTICS_MAXIMUM">0.041866473853588</MDI>
      <MDI key="STATISTICS_MEAN">nan</MDI>
      <MDI key="STATISTICS_MINIMUM">0.02968212030828</MDI>
      <MDI key="STATISTICS_STDDEV">nan</MDI>
    </Metadata>
  </PAMRasterBand>
  <PAMRasterBand band="127">
    <Metadata>
      <MDI key="STATISTICS_MAXIMUM">0.033603806048632</MDI>
      <MDI key="STATISTICS_MEAN">nan</MDI>
      <MDI key="STATISTICS_MINIMUM">0.025169843807817</MDI>
      <MDI key="STATISTICS_STDDEV">nan</MDI>
    </Metadata>
  </PAMRasterBand>
  <PAMRasterBand band="128">
    <Metadata>
      <MDI key="STATISTICS_MAXIMUM">0.02444763854146</MDI>
      <MDI key="STATISTICS_MEAN">nan</MDI>
      <MDI key="STATISTICS_MINIMUM">0.014474779367447</MDI>
      <MDI key="STATISTICS_STDDEV">nan</MDI>
    </Metadata>
  </PAMRasterBand>
  <PAMRasterBand band="129">
    <Metadata>
      <MDI key="STATISTICS_MAXIMUM">0.037763588130474</MDI>
      <MDI key="STATISTICS_MEAN">nan</MDI>
      <MDI key="STATISTICS_MINIMUM">0.0011782724177465</MDI>
      <MDI key="STATISTICS_STDDEV">nan</MDI>
    </Metadata>
  </PAMRasterBand>
  <PAMRasterBand band="130">
    <Metadata>
      <MDI key="STATISTICS_MAXIMUM">0.038478437811136</MDI>
      <MDI key="STATISTICS_MEAN">nan</MDI>
      <MDI key="STATISTICS_MINIMUM">0.026939371600747</MDI>
      <MDI key="STATISTICS_STDDEV">nan</MDI>
    </Metadata>
  </PAMRasterBand>
  <PAMRasterBand band="131">
    <Metadata>
      <MDI key="STATISTICS_MAXIMUM">0.037286709994078</MDI>
      <MDI key="STATISTICS_MEAN">nan</MDI>
      <MDI key="STATISTICS_MINIMUM">0.026492562144995</MDI>
      <MDI key="STATISTICS_STDDEV">nan</MDI>
    </Metadata>
  </PAMRasterBand>
  <PAMRasterBand band="132">
    <Metadata>
      <MDI key="STATISTICS_MAXIMUM">0.027020819485188</MDI>
      <MDI key="STATISTICS_MEAN">nan</MDI>
      <MDI key="STATISTICS_MINIMUM">0.015325013548136</MDI>
      <MDI key="STATISTICS_STDDEV">nan</MDI>
    </Metadata>
  </PAMRasterBand>
  <PAMRasterBand band="133">
    <Metadata>
      <MDI key="STATISTICS_MAXIMUM">0.035920493304729</MDI>
      <MDI key="STATISTICS_MEAN">nan</MDI>
      <MDI key="STATISTICS_MINIMUM">0.016420770436525</MDI>
      <MDI key="STATISTICS_STDDEV">nan</MDI>
    </Metadata>
  </PAMRasterBand>
  <PAMRasterBand band="134">
    <Metadata>
      <MDI key="STATISTICS_MAXIMUM">0.043111141771078</MDI>
      <MDI key="STATISTICS_MEAN">nan</MDI>
      <MDI key="STATISTICS_MINIMUM">0.031200014054775</MDI>
      <MDI key="STATISTICS_STDDEV">nan</MDI>
    </Metadata>
  </PAMRasterBand>
  <PAMRasterBand band="135">
    <Metadata>
      <MDI key="STATISTICS_MAXIMUM">0.035993259400129</MDI>
      <MDI key="STATISTICS_MEAN">nan</MDI>
      <MDI key="STATISTICS_MINIMUM">0.024844996631145</MDI>
      <MDI key="STATISTICS_STDDEV">nan</MDI>
    </Metadata>
  </PAMRasterBand>
  <PAMRasterBand band="136">
    <Metadata>
      <MDI key="STATISTICS_MAXIMUM">0.029879257082939</MDI>
      <MDI key="STATISTICS_MEAN">nan</MDI>
      <MDI key="STATISTICS_MINIMUM">0.013055083341897</MDI>
      <MDI key="STATISTICS_STDDEV">nan</MDI>
    </Metadata>
  </PAMRasterBand>
  <PAMRasterBand band="137">
    <Metadata>
      <MDI key="STATISTICS_MAXIMUM">0.033322162926197</MDI>
      <MDI key="STATISTICS_MEAN">nan</MDI>
      <MDI key="STATISTICS_MINIMUM">0.018661148846149</MDI>
      <MDI key="STATISTICS_STDDEV">nan</MDI>
    </Metadata>
  </PAMRasterBand>
  <PAMRasterBand band="138">
    <Metadata>
      <MDI key="STATISTICS_MAXIMUM">0.041739214211702</MDI>
      <MDI key="STATISTICS_MEAN">nan</MDI>
      <MDI key="STATISTICS_MINIMUM">0.031188515946269</MDI>
      <MDI key="STATISTICS_STDDEV">nan</MDI>
    </Metadata>
  </PAMRasterBand>
  <PAMRasterBand band="139">
    <Metadata>
      <MDI key="STATISTICS_MAXIMUM">0.038451246917248</MDI>
      <MDI key="STATISTICS_MEAN">nan</MDI>
      <MDI key="STATISTICS_MINIMUM">0.025697696954012</MDI>
      <MDI key="STATISTICS_STDDEV">nan</MDI>
    </Metadata>
  </PAMRasterBand>
  <PAMRasterBand band="140">
    <Metadata>
      <MDI key="STATISTICS_MAXIMUM">0.030568098649383</MDI>
      <MDI key="STATISTICS_MEAN">nan</MDI>
      <MDI key="STATISTICS_MINIMUM">0.014779676683247</MDI>
      <MDI key="STATISTICS_STDDEV">nan</MDI>
    </Metadata>
  </PAMRasterBand>
  <PAMRasterBand band="141">
    <Metadata>
      <MDI key="STATISTICS_MAXIMUM">0.041482858359814</MDI>
      <MDI key="STATISTICS_MEAN">nan</MDI>
      <MDI key="STATISTICS_MINIMUM">0.018674509599805</MDI>
      <MDI key="STATISTICS_STDDEV">nan</MDI>
    </Metadata>
  </PAMRasterBand>
  <PAMRasterBand band="142">
    <Metadata>
      <MDI key="STATISTICS_MAXIMUM">0.044306851923466</MDI>
      <MDI key="STATISTICS_MEAN">nan</MDI>
      <MDI key="STATISTICS_MINIMUM">0.030975896865129</MDI>
      <MDI key="STATISTICS_STDDEV">nan</MDI>
    </Metadata>
  </PAMRasterBand>
  <PAMRasterBand band="143">
    <Metadata>
      <MDI key="STATISTICS_MAXIMUM">0.039139930158854</MDI>
      <MDI key="STATISTICS_MEAN">nan</MDI>
      <MDI key="STATISTICS_MINIMUM">0.02637898363173</MDI>
      <MDI key="STATISTICS_STDDEV">nan</MDI>
    </Metadata>
  </PAMRasterBand>
  <PAMRasterBand band="144">
    <Metadata>
      <MDI key="STATISTICS_MAXIMUM">0.024455647915602</MDI>
      <MDI key="STATISTICS_MEAN">nan</MDI>
      <MDI key="STATISTICS_MINIMUM">0.011286848224699</MDI>
      <MDI key="STATISTICS_STDDEV">nan</MDI>
    </Metadata>
  </PAMRasterBand>
  <PAMRasterBand band="145">
    <Metadata>
      <MDI key="STATISTICS_MAXIMUM">15.409962654114</MDI>
      <MDI key="STATISTICS_MEAN">nan</MDI>
      <MDI key="STATISTICS_MINIMUM">9.2942705154419</MDI>
      <MDI key="STATISTICS_STDDEV">nan</MDI>
    </Metadata>
  </PAMRasterBand>
  <PAMRasterBand band="146">
    <Metadata>
      <MDI key="STATISTICS_MAXIMUM">12.845643043518</MDI>
      <MDI key="STATISTICS_MEAN">nan</MDI>
      <MDI key="STATISTICS_MINIMUM">6.7805972099304</MDI>
      <MDI key="STATISTICS_STDDEV">nan</MDI>
    </Metadata>
  </PAMRasterBand>
  <PAMRasterBand band="147">
    <Metadata>
      <MDI key="STATISTICS_MAXIMUM">13.832051277161</MDI>
      <MDI key="STATISTICS_MEAN">nan</MDI>
      <MDI key="STATISTICS_MINIMUM">6.745180606842</MDI>
      <MDI key="STATISTICS_STDDEV">nan</MDI>
    </Metadata>
  </PAMRasterBand>
  <PAMRasterBand band="148">
    <Metadata>
      <MDI key="STATISTICS_MAXIMUM">10.238935470581</MDI>
      <MDI key="STATISTICS_MEAN">nan</MDI>
      <MDI key="STATISTICS_MINIMUM">6.6530375480652</MDI>
      <MDI key="STATISTICS_STDDEV">nan</MDI>
    </Metadata>
  </PAMRasterBand>
  <PAMRasterBand band="149">
    <Metadata>
      <MDI key="STATISTICS_MAXIMUM">11.814885139465</MDI>
      <MDI key="STATISTICS_MEAN">nan</MDI>
      <MDI key="STATISTICS_MINIMUM">7.8260445594788</MDI>
      <MDI key="STATISTICS_STDDEV">nan</MDI>
    </Metadata>
  </PAMRasterBand>
  <PAMRasterBand band="150">
    <Metadata>
      <MDI key="STATISTICS_MAXIMUM">10.771278381348</MDI>
      <MDI key="STATISTICS_MEAN">nan</MDI>
      <MDI key="STATISTICS_MINIMUM">5.5669007301331</MDI>
      <MDI key="STATISTICS_STDDEV">nan</MDI>
    </Metadata>
  </PAMRasterBand>
  <PAMRasterBand band="151">
    <Metadata>
      <MDI key="STATISTICS_MAXIMUM">13.761645317078</MDI>
      <MDI key="STATISTICS_MEAN">nan</MDI>
      <MDI key="STATISTICS_MINIMUM">6.911283493042</MDI>
      <MDI key="STATISTICS_STDDEV">nan</MDI>
    </Metadata>
  </PAMRasterBand>
  <PAMRasterBand band="152">
    <Metadata>
      <MDI key="STATISTICS_MAXIMUM">10.094820022583</MDI>
      <MDI key="STATISTICS_MEAN">nan</MDI>
      <MDI key="STATISTICS_MINIMUM">5.8321399688721</MDI>
      <MDI key="STATISTICS_STDDEV">nan</MDI>
    </Metadata>
  </PAMRasterBand>
  <PAMRasterBand band="153">
    <Metadata>
      <MDI key="STATISTICS_MAXIMUM">10.587663650513</MDI>
      <MDI key="STATISTICS_MEAN">nan</MDI>
      <MDI key="STATISTICS_MINIMUM">6.9994630813599</MDI>
      <MDI key="STATISTICS_STDDEV">nan</MDI>
    </Metadata>
  </PAMRasterBand>
  <PAMRasterBand band="154">
    <Metadata>
      <MDI key="STATISTICS_MAXIMUM">10.277209281921</MDI>
      <MDI key="STATISTICS_MEAN">nan</MDI>
      <MDI key="STATISTICS_MINIMUM">5.7749881744385</MDI>
      <MDI key="STATISTICS_STDDEV">nan</MDI>
    </Metadata>
  </PAMRasterBand>
  <PAMRasterBand band="155">
    <Metadata>
      <MDI key="STATISTICS_MAXIMUM">9.8239793777466</MDI>
      <MDI key="STATISTICS_MEAN">nan</MDI>
      <MDI key="STATISTICS_MINIMUM">1.8416135311127</MDI>
      <MDI key="STATISTICS_STDDEV">nan</MDI>
    </Metadata>
  </PAMRasterBand>
  <PAMRasterBand band="156">
    <Metadata>
      <MDI key="STATISTICS_MAXIMUM">10.262524604797</MDI>
      <MDI key="STATISTICS_MEAN">nan</MDI>
      <MDI key="STATISTICS_MINIMUM">6.7185549736023</MDI>
      <MDI key="STATISTICS_STDDEV">nan</MDI>
    </Metadata>
  </PAMRasterBand>
  <PAMRasterBand band="157">
    <Metadata>
      <MDI key="STATISTICS_MAXIMUM">11.365827560425</MDI>
      <MDI key="STATISTICS_MEAN">nan</MDI>
      <MDI key="STATISTICS_MINIMUM">7.1897082328796</MDI>
      <MDI key="STATISTICS_STDDEV">nan</MDI>
    </Metadata>
  </PAMRasterBand>
  <PAMRasterBand band="158">
    <Metadata>
      <MDI key="STATISTICS_MAXIMUM">9.0633020401001</MDI>
      <MDI key="STATISTICS_MEAN">nan</MDI>
      <MDI key="STATISTICS_MINIMUM">7.2629017829895</MDI>
      <MDI key="STATISTICS_STDDEV">nan</MDI>
    </Metadata>
  </PAMRasterBand>
  <PAMRasterBand band="159">
    <Metadata>
      <MDI key="STATISTICS_MAXIMUM">11.371969223022</MDI>
      <MDI key="STATISTICS_MEAN">nan</MDI>
      <MDI key="STATISTICS_MINIMUM">8.5013961791992</MDI>
      <MDI key="STATISTICS_STDDEV">nan</MDI>
    </Metadata>
  </PAMRasterBand>
  <PAMRasterBand band="160">
    <Metadata>
      <MDI key="STATISTICS_MAXIMUM">9.9186038970947</MDI>
      <MDI key="STATISTICS_MEAN">nan</MDI>
      <MDI key="STATISTICS_MINIMUM">6.4165635108948</MDI>
      <MDI key="STATISTICS_STDDEV">nan</MDI>
    </Metadata>
  </PAMRasterBand>
  <PAMRasterBand band="161">
    <Metadata>
      <MDI key="STATISTICS_MAXIMUM">8.5863990783691</MDI>
      <MDI key="STATISTICS_MEAN">nan</MDI>
      <MDI key="STATISTICS_MINIMUM">7.3090038299561</MDI>
      <MDI key="STATISTICS_STDDEV">nan</MDI>
    </Metadata>
  </PAMRasterBand>
  <PAMRasterBand band="162">
    <Metadata>
      <MDI key="STATISTICS_MAXIMUM">10.020921707153</MDI>
      <MDI key="STATISTICS_MEAN">nan</MDI>
      <MDI key="STATISTICS_MINIMUM">7.5808010101318</MDI>
      <MDI key="STATISTICS_STDDEV">nan</MDI>
    </Metadata>
  </PAMRasterBand>
  <PAMRasterBand band="163">
    <Metadata>
      <MDI key="STATISTICS_MAXIMUM">12.088581085205</MDI>
      <MDI key="STATISTICS_MEAN">nan</MDI>
      <MDI key="STATISTICS_MINIMUM">9.7204790115356</MDI>
      <MDI key="STATISTICS_STDDEV">nan</MDI>
    </Metadata>
  </PAMRasterBand>
  <PAMRasterBand band="164">
    <Metadata>
      <MDI key="STATISTICS_MAXIMUM">10.358488082886</MDI>
      <MDI key="STATISTICS_MEAN">nan</MDI>
      <MDI key="STATISTICS_MINIMUM">8.6556367874146</MDI>
      <MDI key="STATISTICS_STDDEV">nan</MDI>
    </Metadata>
  </PAMRasterBand>
  <PAMRasterBand band="165">
    <Metadata>
      <MDI key="STATISTICS_MAXIMUM">37.553340911865</MDI>
      <MDI key="STATISTICS_MEAN">nan</MDI>
      <MDI key="STATISTICS_MINIMUM">16.013492584229</MDI>
      <MDI key="STATISTICS_STDDEV">nan</MDI>
    </Metadata>
  </PAMRasterBand>
  <PAMRasterBand band="166">
    <Metadata>
      <MDI key="STATISTICS_MAXIMUM">48.650867462158</MDI>
      <MDI key="STATISTICS_MEAN">nan</MDI>
      <MDI key="STATISTICS_MINIMUM">14.047052383423</MDI>
      <MDI key="STATISTICS_STDDEV">nan</MDI>
    </Metadata>
  </PAMRasterBand>
  <PAMRasterBand band="167">
    <Metadata>
      <MDI key="STATISTICS_MAXIMUM">55.082527160645</MDI>
      <MDI key="STATISTICS_MEAN">nan</MDI>
      <MDI key="STATISTICS_MINIMUM">14.613715171814</MDI>
      <MDI key="STATISTICS_STDDEV">nan</MDI>
    </Metadata>
  </PAMRasterBand>
  <PAMRasterBand band="168">
    <Metadata>
      <MDI key="STATISTICS_MAXIMUM">38.370037078857</MDI>
      <MDI key="STATISTICS_MEAN">nan</MDI>
      <MDI key="STATISTICS_MINIMUM">12.580871582031</MDI>
      <MDI key="STATISTICS_STDDEV">nan</MDI>
    </Metadata>
  </PAMRasterBand>
  <PAMRasterBand band="169">
    <Metadata>
      <MDI key="STATISTICS_MAXIMUM">37.2512550354</MDI>
      <MDI key="STATISTICS_MEAN">nan</MDI>
      <MDI key="STATISTICS_MINIMUM">8.1319398880005</MDI>
      <MDI key="STATISTICS_STDDEV">nan</MDI>
    </Metadata>
  </PAMRasterBand>
  <PAMRasterBand band="170">
    <Metadata>
      <MDI key="STATISTICS_MAXIMUM">45.505374908447</MDI>
      <MDI key="STATISTICS_MEAN">nan</MDI>
      <MDI key="STATISTICS_MINIMUM">13.825349807739</MDI>
      <MDI key="STATISTICS_STDDEV">nan</MDI>
    </Metadata>
  </PAMRasterBand>
  <PAMRasterBand band="171">
    <Metadata>
      <MDI key="STATISTICS_MAXIMUM">33.372383117676</MDI>
      <MDI key="STATISTICS_MEAN">nan</MDI>
      <MDI key="STATISTICS_MINIMUM">15.776915550232</MDI>
      <MDI key="STATISTICS_STDDEV">nan</MDI>
    </Metadata>
  </PAMRasterBand>
  <PAMRasterBand band="172">
    <Metadata>
      <MDI key="STATISTICS_MAXIMUM">26.433134078979</MDI>
      <MDI key="STATISTICS_MEAN">nan</MDI>
      <MDI key="STATISTICS_MINIMUM">12.853476524353</MDI>
      <MDI key="STATISTICS_STDDEV">nan</MDI>
    </Metadata>
  </PAMRasterBand>
  <PAMRasterBand band="173">
    <Metadata>
      <MDI key="STATISTICS_MAXIMUM">21.211566925049</MDI>
      <MDI key="STATISTICS_MEAN">nan</MDI>
      <MDI key="STATISTICS_MINIMUM">13.305275917053</MDI>
      <MDI key="STATISTICS_STDDEV">nan</MDI>
    </Metadata>
  </PAMRasterBand>
  <PAMRasterBand band="174">
    <Metadata>
      <MDI key="STATISTICS_MAXIMUM">30.361749649048</MDI>
      <MDI key="STATISTICS_MEAN">nan</MDI>
      <MDI key="STATISTICS_MINIMUM">14.55931854248</MDI>
      <MDI key="STATISTICS_STDDEV">nan</MDI>
    </Metadata>
  </PAMRasterBand>
  <PAMRasterBand band="175">
    <Metadata>
      <MDI key="STATISTICS_MAXIMUM">32.774078369141</MDI>
      <MDI key="STATISTICS_MEAN">nan</MDI>
      <MDI key="STATISTICS_MINIMUM">12.316250801086</MDI>
      <MDI key="STATISTICS_STDDEV">nan</MDI>
    </Metadata>
  </PAMRasterBand>
  <PAMRasterBand band="176">
    <Metadata>
      <MDI key="STATISTICS_MAXIMUM">25.706583023071</MDI>
      <MDI key="STATISTICS_MEAN">nan</MDI>
      <MDI key="STATISTICS_MINIMUM">10.777530670166</MDI>
      <MDI key="STATISTICS_STDDEV">nan</MDI>
    </Metadata>
  </PAMRasterBand>
  <PAMRasterBand band="177">
    <Metadata>
      <MDI key="STATISTICS_MAXIMUM">19.246524810791</MDI>
      <MDI key="STATISTICS_MEAN">nan</MDI>
      <MDI key="STATISTICS_MINIMUM">12.680498123169</MDI>
      <MDI key="STATISTICS_STDDEV">nan</MDI>
    </Metadata>
  </PAMRasterBand>
  <PAMRasterBand band="178">
    <Metadata>
      <MDI key="STATISTICS_MAXIMUM">31.666648864746</MDI>
      <MDI key="STATISTICS_MEAN">nan</MDI>
      <MDI key="STATISTICS_MINIMUM">11.099593162537</MDI>
      <MDI key="STATISTICS_STDDEV">nan</MDI>
    </Metadata>
  </PAMRasterBand>
  <PAMRasterBand band="179">
    <Metadata>
      <MDI key="STATISTICS_MAXIMUM">33.425579071045</MDI>
      <MDI key="STATISTICS_MEAN">nan</MDI>
      <MDI key="STATISTICS_MINIMUM">12.964839935303</MDI>
      <MDI key="STATISTICS_STDDEV">nan</MDI>
    </Metadata>
  </PAMRasterBand>
  <PAMRasterBand band="180">
    <Metadata>
      <MDI key="STATISTICS_MAXIMUM">27.044439315796</MDI>
      <MDI key="STATISTICS_MEAN">nan</MDI>
      <MDI key="STATISTICS_MINIMUM">12.804937362671</MDI>
      <MDI key="STATISTICS_STDDEV">nan</MDI>
    </Metadata>
  </PAMRasterBand>
  <PAMRasterBand band="181">
    <Metadata>
      <MDI key="STATISTICS_MAXIMUM">20.417633056641</MDI>
      <MDI key="STATISTICS_MEAN">nan</MDI>
      <MDI key="STATISTICS_MINIMUM">13.434885978699</MDI>
      <MDI key="STATISTICS_STDDEV">nan</MDI>
    </Metadata>
  </PAMRasterBand>
  <PAMRasterBand band="182">
    <Metadata>
      <MDI key="STATISTICS_MAXIMUM">31.837694168091</MDI>
      <MDI key="STATISTICS_MEAN">nan</MDI>
      <MDI key="STATISTICS_MINIMUM">14.384651184082</MDI>
      <MDI key="STATISTICS_STDDEV">nan</MDI>
    </Metadata>
  </PAMRasterBand>
  <PAMRasterBand band="183">
    <Metadata>
      <MDI key="STATISTICS_MAXIMUM">25.601629257202</MDI>
      <MDI key="STATISTICS_MEAN">nan</MDI>
      <MDI key="STATISTICS_MINIMUM">15.998259544373</MDI>
      <MDI key="STATISTICS_STDDEV">nan</MDI>
    </Metadata>
  </PAMRasterBand>
  <PAMRasterBand band="184">
    <Metadata>
      <MDI key="STATISTICS_MAXIMUM">27.211429595947</MDI>
      <MDI key="STATISTICS_MEAN">nan</MDI>
      <MDI key="STATISTICS_MINIMUM">11.861340522766</MDI>
      <MDI key="STATISTICS_STDDEV">nan</MDI>
    </Metadata>
  </PAMRasterBand>
  <PAMRasterBand band="185">
    <Metadata>
      <MDI key="STATISTICS_MAXIMUM">0.07393841445446</MDI>
      <MDI key="STATISTICS_MEAN">nan</MDI>
      <MDI key="STATISTICS_MINIMUM">0.0019957581534982</MDI>
      <MDI key="STATISTICS_STDDEV">nan</MDI>
    </Metadata>
  </PAMRasterBand>
  <PAMRasterBand band="186">
    <Metadata>
      <MDI key="STATISTICS_MAXIMUM">0.030638858675957</MDI>
      <MDI key="STATISTICS_MEAN">nan</MDI>
      <MDI key="STATISTICS_MINIMUM">0.0016149472212419</MDI>
      <MDI key="STATISTICS_STDDEV">nan</MDI>
    </Metadata>
  </PAMRasterBand>
  <PAMRasterBand band="187">
    <Metadata>
      <MDI key="STATISTICS_MAXIMUM">0.040280800312757</MDI>
      <MDI key="STATISTICS_MEAN">nan</MDI>
      <MDI key="STATISTICS_MINIMUM">0.0029858145862818</MDI>
      <MDI key="STATISTICS_STDDEV">nan</MDI>
    </Metadata>
  </PAMRasterBand>
  <PAMRasterBand band="188">
    <Metadata>
      <MDI key="STATISTICS_MAXIMUM">0.15103124082088</MDI>
      <MDI key="STATISTICS_MEAN">nan</MDI>
      <MDI key="STATISTICS_MINIMUM">0.0011299317702651</MDI>
      <MDI key="STATISTICS_STDDEV">nan</MDI>
    </Metadata>
  </PAMRasterBand>
  <PAMRasterBand band="189">
    <Metadata>
      <MDI key="STATISTICS_MAXIMUM">0.40133559703827</MDI>
      <MDI key="STATISTICS_MEAN">nan</MDI>
      <MDI key="STATISTICS_MINIMUM">0.0022378638386726</MDI>
      <MDI key="STATISTICS_STDDEV">nan</MDI>
    </Metadata>
  </PAMRasterBand>
  <PAMRasterBand band="190">
    <Metadata>
      <MDI key="STATISTICS_MAXIMUM">0.043119516223669</MDI>
      <MDI key="STATISTICS_MEAN">nan</MDI>
      <MDI key="STATISTICS_MINIMUM">0.0027468269690871</MDI>
      <MDI key="STATISTICS_STDDEV">nan</MDI>
    </Metadata>
  </PAMRasterBand>
  <PAMRasterBand band="191">
    <Metadata>
      <MDI key="STATISTICS_MAXIMUM">0.033122595399618</MDI>
      <MDI key="STATISTICS_MEAN">nan</MDI>
      <MDI key="STATISTICS_MINIMUM">0.0061258086934686</MDI>
      <MDI key="STATISTICS_STDDEV">nan</MDI>
    </Metadata>
  </PAMRasterBand>
  <PAMRasterBand band="192">
    <Metadata>
      <MDI key="STATISTICS_MAXIMUM">0.026723714545369</MDI>
      <MDI key="STATISTICS_MEAN">nan</MDI>
      <MDI key="STATISTICS_MINIMUM">0.0016038975445554</MDI>
      <MDI key="STATISTICS_STDDEV">nan</MDI>
    </Metadata>
  </PAMRasterBand>
  <PAMRasterBand band="193">
    <Metadata>
      <MDI key="STATISTICS_MAXIMUM">0.031543638557196</MDI>
      <MDI key="STATISTICS_MEAN">nan</MDI>
      <MDI key="STATISTICS_MINIMUM">0.0021538138389587</MDI>
      <MDI key="STATISTICS_STDDEV">nan</MDI>
    </Metadata>
  </PAMRasterBand>
  <PAMRasterBand band="194">
    <Metadata>
      <MDI key="STATISTICS_MAXIMUM">0.03438863530755</MDI>
      <MDI key="STATISTICS_MEAN">nan</MDI>
      <MDI key="STATISTICS_MINIMUM">0.003505089553073</MDI>
      <MDI key="STATISTICS_STDDEV">nan</MDI>
    </Metadata>
  </PAMRasterBand>
  <PAMRasterBand band="195">
    <Metadata>
      <MDI key="STATISTICS_MAXIMUM">0.025729104876518</MDI>
      <MDI key="STATISTICS_MEAN">nan</MDI>
      <MDI key="STATISTICS_MINIMUM">0.0078266318887472</MDI>
      <MDI key="STATISTICS_STDDEV">nan</MDI>
    </Metadata>
  </PAMRasterBand>
  <PAMRasterBand band="196">
    <Metadata>
      <MDI key="STATISTICS_MAXIMUM">0.046455677598715</MDI>
      <MDI key="STATISTICS_MEAN">nan</MDI>
      <MDI key="STATISTICS_MINIMUM">0.0060945758596063</MDI>
      <MDI key="STATISTICS_STDDEV">nan</MDI>
    </Metadata>
  </PAMRasterBand>
  <PAMRasterBand band="197">
    <Metadata>
      <MDI key="STATISTICS_MAXIMUM">0.016856458038092</MDI>
      <MDI key="STATISTICS_MEAN">nan</MDI>
      <MDI key="STATISTICS_MINIMUM">0.0047708605416119</MDI>
      <MDI key="STATISTICS_STDDEV">nan</MDI>
    </Metadata>
  </PAMRasterBand>
  <PAMRasterBand band="198">
    <Metadata>
      <MDI key="STATISTICS_MAXIMUM">0.012881815433502</MDI>
      <MDI key="STATISTICS_MEAN">nan</MDI>
      <MDI key="STATISTICS_MINIMUM">0.0055792690254748</MDI>
      <MDI key="STATISTICS_STDDEV">nan</MDI>
    </Metadata>
  </PAMRasterBand>
  <PAMRasterBand band="199">
    <Metadata>
      <MDI key="STATISTICS_MAXIMUM">0.016727961599827</MDI>
      <MDI key="STATISTICS_MEAN">nan</MDI>
      <MDI key="STATISTICS_MINIMUM">0.0079063773155212</MDI>
      <MDI key="STATISTICS_STDDEV">nan</MDI>
    </Metadata>
  </PAMRasterBand>
  <PAMRasterBand band="200">
    <Metadata>
      <MDI key="STATISTICS_MAXIMUM">0.016255063936114</MDI>
      <MDI key="STATISTICS_MEAN">nan</MDI>
      <MDI key="STATISTICS_MINIMUM">0.0074861035682261</MDI>
      <MDI key="STATISTICS_STDDEV">nan</MDI>
    </Metadata>
  </PAMRasterBand>
  <PAMRasterBand band="201">
    <Metadata>
      <MDI key="STATISTICS_MAXIMUM">0.0070231980644166</MDI>
      <MDI key="STATISTICS_MEAN">nan</MDI>
      <MDI key="STATISTICS_MINIMUM">0.0040705916471779</MDI>
      <MDI key="STATISTICS_STDDEV">nan</MDI>
    </Metadata>
  </PAMRasterBand>
  <PAMRasterBand band="202">
    <Metadata>
      <MDI key="STATISTICS_MAXIMUM">0.0137131921947</MDI>
      <MDI key="STATISTICS_MEAN">nan</MDI>
      <MDI key="STATISTICS_MINIMUM">0.0061427420005202</MDI>
      <MDI key="STATISTICS_STDDEV">nan</MDI>
    </Metadata>
  </PAMRasterBand>
  <PAMRasterBand band="203">
    <Metadata>
      <MDI key="STATISTICS_MAXIMUM">0.39917203783989</MDI>
      <MDI key="STATISTICS_MEAN">nan</MDI>
      <MDI key="STATISTICS_MINIMUM">0.010406339541078</MDI>
      <MDI key="STATISTICS_STDDEV">nan</MDI>
    </Metadata>
  </PAMRasterBand>
  <PAMRasterBand band="204">
    <Metadata>
      <MDI key="STATISTICS_MAXIMUM">0.17814467847347</MDI>
      <MDI key="STATISTICS_MEAN">nan</MDI>
      <MDI key="STATISTICS_MINIMUM">0.0067358021624386</MDI>
      <MDI key="STATISTICS_STDDEV">nan</MDI>
    </Metadata>
  </PAMRasterBand>
  <PAMRasterBand band="205">
    <Metadata>
      <MDI key="STATISTICS_MAXIMUM">23.335327148438</MDI>
      <MDI key="STATISTICS_MEAN">nan</MDI>
      <MDI key="STATISTICS_MINIMUM">18.209297180176</MDI>
      <MDI key="STATISTICS_STDDEV">nan</MDI>
    </Metadata>
  </PAMRasterBand>
  <PAMRasterBand band="206">
    <Metadata>
      <MDI key="STATISTICS_MAXIMUM">70.062850952148</MDI>
      <MDI key="STATISTICS_MEAN">nan</MDI>
      <MDI key="STATISTICS_MINIMUM">53.329082489014</MDI>
      <MDI key="STATISTICS_STDDEV">nan</MDI>
    </Metadata>
  </PAMRasterBand>
  <PAMRasterBand band="207">
    <Metadata>
      <MDI key="STATISTICS_MAXIMUM">68.933502197266</MDI>
      <MDI key="STATISTICS_MEAN">nan</MDI>
      <MDI key="STATISTICS_MINIMUM">66.17017364502</MDI>
      <MDI key="STATISTICS_STDDEV">nan</MDI>
    </Metadata>
  </PAMRasterBand>
  <PAMRasterBand band="208">
    <Metadata>
      <MDI key="STATISTICS_MAXIMUM">46.725433349609</MDI>
      <MDI key="STATISTICS_MEAN">nan</MDI>
      <MDI key="STATISTICS_MINIMUM">37.015270233154</MDI>
      <MDI key="STATISTICS_STDDEV">nan</MDI>
    </Metadata>
  </PAMRasterBand>
  <PAMRasterBand band="209">
    <Metadata>
      <MDI key="STATISTICS_MAXIMUM">35.064544677734</MDI>
      <MDI key="STATISTICS_MEAN">nan</MDI>
      <MDI key="STATISTICS_MINIMUM">23.139184951782</MDI>
      <MDI key="STATISTICS_STDDEV">nan</MDI>
    </Metadata>
  </PAMRasterBand>
  <PAMRasterBand band="210">
    <Metadata>
      <MDI key="STATISTICS_MAXIMUM">61.22216796875</MDI>
      <MDI key="STATISTICS_MEAN">nan</MDI>
      <MDI key="STATISTICS_MINIMUM">53.818935394287</MDI>
      <MDI key="STATISTICS_STDDEV">nan</MDI>
    </Metadata>
  </PAMRasterBand>
  <PAMRasterBand band="211">
    <Metadata>
      <MDI key="STATISTICS_MAXIMUM">73.920364379883</MDI>
      <MDI key="STATISTICS_MEAN">nan</MDI>
      <MDI key="STATISTICS_MINIMUM">67.755386352539</MDI>
      <MDI key="STATISTICS_STDDEV">nan</MDI>
    </Metadata>
  </PAMRasterBand>
  <PAMRasterBand band="212">
    <Metadata>
      <MDI key="STATISTICS_MAXIMUM">55.180713653564</MDI>
      <MDI key="STATISTICS_MEAN">nan</MDI>
      <MDI key="STATISTICS_MINIMUM">44.558174133301</MDI>
      <MDI key="STATISTICS_STDDEV">nan</MDI>
    </Metadata>
  </PAMRasterBand>
  <PAMRasterBand band="213">
    <Metadata>
      <MDI key="STATISTICS_MAXIMUM">44.065223693848</MDI>
      <MDI key="STATISTICS_MEAN">nan</MDI>
      <MDI key="STATISTICS_MINIMUM">30.377450942993</MDI>
      <MDI key="STATISTICS_STDDEV">nan</MDI>
    </Metadata>
  </PAMRasterBand>
  <PAMRasterBand band="214">
    <Metadata>
      <MDI key="STATISTICS_MAXIMUM">61.697341918945</MDI>
      <MDI key="STATISTICS_MEAN">nan</MDI>
      <MDI key="STATISTICS_MINIMUM">55.30184173584</MDI>
      <MDI key="STATISTICS_STDDEV">nan</MDI>
    </Metadata>
  </PAMRasterBand>
  <PAMRasterBand band="215">
    <Metadata>
      <MDI key="STATISTICS_MAXIMUM">73.623260498047</MDI>
      <MDI key="STATISTICS_MEAN">nan</MDI>
      <MDI key="STATISTICS_MINIMUM">71.291618347168</MDI>
      <MDI key="STATISTICS_STDDEV">nan</MDI>
    </Metadata>
  </PAMRasterBand>
  <PAMRasterBand band="216">
    <Metadata>
      <MDI key="STATISTICS_MAXIMUM">61.437686920166</MDI>
      <MDI key="STATISTICS_MEAN">nan</MDI>
      <MDI key="STATISTICS_MINIMUM">41.325981140137</MDI>
      <MDI key="STATISTICS_STDDEV">nan</MDI>
    </Metadata>
  </PAMRasterBand>
  <PAMRasterBand band="217">
    <Metadata>
      <MDI key="STATISTICS_MAXIMUM">36.420234680176</MDI>
      <MDI key="STATISTICS_MEAN">nan</MDI>
      <MDI key="STATISTICS_MINIMUM">31.512428283691</MDI>
      <MDI key="STATISTICS_STDDEV">nan</MDI>
    </Metadata>
  </PAMRasterBand>
  <PAMRasterBand band="218">
    <Metadata>
      <MDI key="STATISTICS_MAXIMUM">61.489540100098</MDI>
      <MDI key="STATISTICS_MEAN">nan</MDI>
      <MDI key="STATISTICS_MINIMUM">56.452926635742</MDI>
      <MDI key="STATISTICS_STDDEV">nan</MDI>
    </Metadata>
  </PAMRasterBand>
  <PAMRasterBand band="219">
    <Metadata>
      <MDI key="STATISTICS_MAXIMUM">72.144859313965</MDI>
      <MDI key="STATISTICS_MEAN">nan</MDI>
      <MDI key="STATISTICS_MINIMUM">68.149047851562</MDI>
      <MDI key="STATISTICS_STDDEV">nan</MDI>
    </Metadata>
  </PAMRasterBand>
  <PAMRasterBand band="220">
    <Metadata>
      <MDI key="STATISTICS_MAXIMUM">60.061882019043</MDI>
      <MDI key="STATISTICS_MEAN">nan</MDI>
      <MDI key="STATISTICS_MINIMUM">38.724601745605</MDI>
      <MDI key="STATISTICS_STDDEV">nan</MDI>
    </Metadata>
  </PAMRasterBand>
  <PAMRasterBand band="221">
    <Metadata>
      <MDI key="STATISTICS_MAXIMUM">35.955135345459</MDI>
      <MDI key="STATISTICS_MEAN">nan</MDI>
      <MDI key="STATISTICS_MINIMUM">27.064554214478</MDI>
      <MDI key="STATISTICS_STDDEV">nan</MDI>
    </Metadata>
  </PAMRasterBand>
  <PAMRasterBand band="222">
    <Metadata>
      <MDI key="STATISTICS_MAXIMUM">58.42000579834</MDI>
      <MDI key="STATISTICS_MEAN">nan</MDI>
      <MDI key="STATISTICS_MINIMUM">51.808422088623</MDI>
      <MDI key="STATISTICS_STDDEV">nan</MDI>
    </Metadata>
  </PAMRasterBand>
  <PAMRasterBand band="223">
    <Metadata>
      <MDI key="STATISTICS_MAXIMUM">73.509132385254</MDI>
      <MDI key="STATISTICS_MEAN">nan</MDI>
      <MDI key="STATISTICS_MINIMUM">58.619735717773</MDI>
      <MDI key="STATISTICS_STDDEV">nan</MDI>
    </Metadata>
  </PAMRasterBand>
  <PAMRasterBand band="224">
    <Metadata>
      <MDI key="STATISTICS_MAXIMUM">54.068828582764</MDI>
      <MDI key="STATISTICS_MEAN">nan</MDI>
      <MDI key="STATISTICS_MINIMUM">37.335426330566</MDI>
      <MDI key="STATISTICS_STDDEV">nan</MDI>
    </Metadata>
  </PAMRasterBand>
  <PAMRasterBand band="225">
    <Metadata>
      <MDI key="STATISTICS_MAXIMUM">1</MDI>
      <MDI key="STATISTICS_MEAN">nan</MDI>
      <MDI key="STATISTICS_MINIMUM">0</MDI>
      <MDI key="STATISTICS_STDDEV">nan</MDI>
    </Metadata>
  </PAMRasterBand>
  <PAMRasterBand band="226">
    <Metadata>
      <MDI key="STATISTICS_MAXIMUM">1</MDI>
      <MDI key="STATISTICS_MEAN">nan</MDI>
      <MDI key="STATISTICS_MINIMUM">0</MDI>
      <MDI key="STATISTICS_STDDEV">nan</MDI>
    </Metadata>
  </PAMRasterBand>
  <PAMRasterBand band="227">
    <Metadata>
      <MDI key="STATISTICS_MAXIMUM">1</MDI>
      <MDI key="STATISTICS_MEAN">nan</MDI>
      <MDI key="STATISTICS_MINIMUM">0</MDI>
      <MDI key="STATISTICS_STDDEV">nan</MDI>
    </Metadata>
  </PAMRasterBand>
  <PAMRasterBand band="228">
    <Metadata>
      <MDI key="STATISTICS_MAXIMUM">1014.1849365234</MDI>
      <MDI key="STATISTICS_MEAN">nan</MDI>
      <MDI key="STATISTICS_MINIMUM">995.95947265625</MDI>
      <MDI key="STATISTICS_STDDEV">nan</MDI>
    </Metadata>
  </PAMRasterBand>
  <PAMRasterBand band="229">
    <Metadata>
      <MDI key="STATISTICS_MAXIMUM">1012.0167236328</MDI>
      <MDI key="STATISTICS_MEAN">nan</MDI>
      <MDI key="STATISTICS_MINIMUM">993.43188476562</MDI>
      <MDI key="STATISTICS_STDDEV">nan</MDI>
    </Metadata>
  </PAMRasterBand>
  <PAMRasterBand band="230">
    <Metadata>
      <MDI key="STATISTICS_MAXIMUM">1014.5444335938</MDI>
      <MDI key="STATISTICS_MEAN">nan</MDI>
      <MDI key="STATISTICS_MINIMUM">995.69982910156</MDI>
      <MDI key="STATISTICS_STDDEV">nan</MDI>
    </Metadata>
  </PAMRasterBand>
  <PAMRasterBand band="231">
    <Metadata>
      <MDI key="STATISTICS_MAXIMUM">1015.274597168</MDI>
      <MDI key="STATISTICS_MEAN">nan</MDI>
      <MDI key="STATISTICS_MINIMUM">995.37225341797</MDI>
      <MDI key="STATISTICS_STDDEV">nan</MDI>
    </Metadata>
  </PAMRasterBand>
  <PAMRasterBand band="232">
    <Metadata>
      <MDI key="STATISTICS_MAXIMUM">1018.01953125</MDI>
      <MDI key="STATISTICS_MEAN">nan</MDI>
      <MDI key="STATISTICS_MINIMUM">999.63208007812</MDI>
      <MDI key="STATISTICS_STDDEV">nan</MDI>
    </Metadata>
  </PAMRasterBand>
  <PAMRasterBand band="233">
    <Metadata>
      <MDI key="STATISTICS_MAXIMUM">1014.3298950195</MDI>
      <MDI key="STATISTICS_MEAN">nan</MDI>
      <MDI key="STATISTICS_MINIMUM">993.90942382812</MDI>
      <MDI key="STATISTICS_STDDEV">nan</MDI>
    </Metadata>
  </PAMRasterBand>
  <PAMRasterBand band="234">
    <Metadata>
      <MDI key="STATISTICS_MAXIMUM">1013.3516235352</MDI>
      <MDI key="STATISTICS_MEAN">nan</MDI>
      <MDI key="STATISTICS_MINIMUM">994.14764404297</MDI>
      <MDI key="STATISTICS_STDDEV">nan</MDI>
    </Metadata>
  </PAMRasterBand>
  <PAMRasterBand band="235">
    <Metadata>
      <MDI key="STATISTICS_MAXIMUM">1015.0372314453</MDI>
      <MDI key="STATISTICS_MEAN">nan</MDI>
      <MDI key="STATISTICS_MINIMUM">995.759765625</MDI>
      <MDI key="STATISTICS_STDDEV">nan</MDI>
    </Metadata>
  </PAMRasterBand>
  <PAMRasterBand band="236">
    <Metadata>
      <MDI key="STATISTICS_MAXIMUM">1015.1630859375</MDI>
      <MDI key="STATISTICS_MEAN">nan</MDI>
      <MDI key="STATISTICS_MINIMUM">993.47131347656</MDI>
      <MDI key="STATISTICS_STDDEV">nan</MDI>
    </Metadata>
  </PAMRasterBand>
  <PAMRasterBand band="237">
    <Metadata>
      <MDI key="STATISTICS_MAXIMUM">1015.5078735352</MDI>
      <MDI key="STATISTICS_MEAN">nan</MDI>
      <MDI key="STATISTICS_MINIMUM">993.34893798828</MDI>
      <MDI key="STATISTICS_STDDEV">nan</MDI>
    </Metadata>
  </PAMRasterBand>
  <PAMRasterBand band="238">
    <Metadata>
      <MDI key="STATISTICS_MAXIMUM">1014.1743164062</MDI>
      <MDI key="STATISTICS_MEAN">nan</MDI>
      <MDI key="STATISTICS_MINIMUM">994.32006835938</MDI>
      <MDI key="STATISTICS_STDDEV">nan</MDI>
    </Metadata>
  </PAMRasterBand>
  <PAMRasterBand band="239">
    <Metadata>
      <MDI key="STATISTICS_MAXIMUM">1016.3451538086</MDI>
      <MDI key="STATISTICS_MEAN">nan</MDI>
      <MDI key="STATISTICS_MINIMUM">996.97637939453</MDI>
      <MDI key="STATISTICS_STDDEV">nan</MDI>
    </Metadata>
  </PAMRasterBand>
  <PAMRasterBand band="240">
    <Metadata>
      <MDI key="STATISTICS_MAXIMUM">1014.5100708008</MDI>
      <MDI key="STATISTICS_MEAN">nan</MDI>
      <MDI key="STATISTICS_MINIMUM">994.36645507812</MDI>
      <MDI key="STATISTICS_STDDEV">nan</MDI>
    </Metadata>
  </PAMRasterBand>
  <PAMRasterBand band="241">
    <Metadata>
      <MDI key="STATISTICS_MAXIMUM">1011.3095092773</MDI>
      <MDI key="STATISTICS_MEAN">nan</MDI>
      <MDI key="STATISTICS_MINIMUM">990.22003173828</MDI>
      <MDI key="STATISTICS_STDDEV">nan</MDI>
    </Metadata>
  </PAMRasterBand>
  <PAMRasterBand band="242">
    <Metadata>
      <MDI key="STATISTICS_MAXIMUM">1014.6899414062</MDI>
      <MDI key="STATISTICS_MEAN">nan</MDI>
      <MDI key="STATISTICS_MINIMUM">992.10656738281</MDI>
      <MDI key="STATISTICS_STDDEV">nan</MDI>
    </Metadata>
  </PAMRasterBand>
  <PAMRasterBand band="243">
    <Metadata>
      <MDI key="STATISTICS_MAXIMUM">1014.5744018555</MDI>
      <MDI key="STATISTICS_MEAN">nan</MDI>
      <MDI key="STATISTICS_MINIMUM">992.61267089844</MDI>
      <MDI key="STATISTICS_STDDEV">nan</MDI>
    </Metadata>
  </PAMRasterBand>
  <PAMRasterBand band="244">
    <Metadata>
      <MDI key="STATISTICS_MAXIMUM">1017.6293945312</MDI>
      <MDI key="STATISTICS_MEAN">nan</MDI>
      <MDI key="STATISTICS_MINIMUM">995.53619384766</MDI>
      <MDI key="STATISTICS_STDDEV">nan</MDI>
    </Metadata>
  </PAMRasterBand>
  <PAMRasterBand band="245">
    <Metadata>
      <MDI key="STATISTICS_MAXIMUM">1013.6206054688</MDI>
      <MDI key="STATISTICS_MEAN">nan</MDI>
      <MDI key="STATISTICS_MINIMUM">990.09765625</MDI>
      <MDI key="STATISTICS_STDDEV">nan</MDI>
    </Metadata>
  </PAMRasterBand>
  <PAMRasterBand band="246">
    <Metadata>
      <MDI key="STATISTICS_MAXIMUM">1015.4987792969</MDI>
      <MDI key="STATISTICS_MEAN">nan</MDI>
      <MDI key="STATISTICS_MINIMUM">992.30499267578</MDI>
      <MDI key="STATISTICS_STDDEV">nan</MDI>
    </Metadata>
  </PAMRasterBand>
  <PAMRasterBand band="247">
    <Metadata>
      <MDI key="STATISTICS_MAXIMUM">1014.5920410156</MDI>
      <MDI key="STATISTICS_MEAN">nan</MDI>
      <MDI key="STATISTICS_MINIMUM">991.47515869141</MDI>
      <MDI key="STATISTICS_STDDEV">nan</MDI>
    </Metadata>
  </PAMRasterBand>
</PAMDataset>
